y_test,y_pred
70.0,62.52525833333334
60.0,55.197583333333334
60.0,57.667633333333335
55.0,49.014541666666666
25.0,32.053916666666666
60.0,53.41775
25.0,33.13708333333333
40.0,44.02570833333333
52.5,48.960750000000004
60.0,62.365
50.0,47.80748214285714
60.0,54.51575
65.0,58.87295833333334
60.0,60.12691666666667
25.0,29.1199375
65.0,66.499
45.0,46.97479166666666
40.0,39.29925
50.0,46.01183333333333
50.0,50.3265
37.0,36.94
66.0,66.21216666666668
57.5,54.91020833333334
40.0,39.543
57.5,54.47741666666666
50.0,51.47025
50.0,50.199333333333335
55.0,51.80895833333333
45.0,44.01358333333334
55.0,53.10475
60.0,56.847625
30.0,31.68875
22.0,27.86958333333333
37.25,40.69620833333333
50.0,45.85475
47.5,45.912166666666664
47.5,45.711166666666664
22.0,28.6185
40.0,43.59108333333333
35.0,36.58766666666667
65.0,57.867
75.0,66.46180555555556
42.0,40.15483333333333
20.0,29.207
70.0,64.62975
33.0,35.57525
37.0,38.19025
37.0,46.027
37.0,37.30283333333334
45.0,42.58366666666667
55.0,49.26525
35.0,36.583
35.0,35.91525
52.5,47.982166666666664
50.0,49.588208333333334
65.0,64.01416666666667
55.0,51.380375
60.0,55.728791666666666
37.0,37.113708333333335
37.0,37.13875
20.0,29.832833333333333
60.0,61.63329166666667
80.0,78.57235
22.0,28.01125
30.0,34.746208333333335
45.0,42.51566666666666
25.0,31.075875
40.0,42.56975
45.0,45.58225
55.0,48.22316666666667
55.0,49.28041666666667
32.5,34.70225
42.5,41.0285
37.0,37.76541666666667
50.0,49.81275
50.0,49.8715
50.0,49.0225
50.0,49.40458333333333
50.0,49.721583333333335
37.0,40.71333333333333
37.0,37.798
50.0,50.14608333333334
50.0,48.40133333333333
37.0,42.66191666666666
70.0,62.24933333333333
70.0,75.02366666666666
60.0,56.997
60.0,62.37683333333334
50.0,49.207625
53.0,48.648125
70.0,65.675
60.0,48.85450000000001
35.0,35.57758333333334
35.0,36.096333333333334
55.0,52.600375
55.0,52.98658333333333
80.0,78.2581
22.0,29.905833333333334
25.0,29.299083333333332
70.0,57.9395
30.0,36.223949999999995
65.0,60.67520833333333
33.5,34.888
30.0,33.97679166666667
50.0,48.09625
30.0,36.79741666666666
50.0,47.00745833333333
45.0,45.0345
50.0,49.27180952380952
55.0,49.95805833333333
20.0,25.248083333333337
22.0,31.781916666666664
60.0,55.31545
4.0,4.026
4.0,4.026
4.0,4.026
4.0,4.026
4.0,4.026
4.0,4.026
4.0,4.026
4.0,4.026
40.0,39.55866666666667
50.0,46.917
70.0,68.877
22.0,28.144583333333333
77.5,68.496
77.5,68.200875
60.0,62.294583333333335
40.0,42.077124999999995
70.0,62.01275
45.0,42.26725
34.5,37.66479166666667
50.0,50.497458333333334
50.0,50.162
30.0,37.0935
40.0,42.816291666666665
45.0,44.99268452380954
30.0,36.93975
55.0,51.073166666666665
42.5,42.65891666666666
60.0,56.546875
55.0,51.15629166666666
30.0,34.009083333333336
20.0,26.207750000000004
37.0,36.93216666666667
45.0,47.131249999999994
30.0,31.46625
45.0,43.89391666666666
55.0,48.96633333333333
65.0,56.81725
70.0,58.10241666666666
20.0,26.471916666666665
45.0,42.59091666666667
100.0,93.8652
45.0,44.81341666666666
30.0,36.30441666666667
60.0,52.79625
35.0,34.62583333333333
50.0,38.584
37.5,37.3855
80.0,68.63052499999999
40.0,39.90966666666667
40.0,39.622666666666674
65.0,56.238375
55.0,49.54725
55.0,48.45591904761901
22.0,28.136666666666667
55.0,38.02556666666665
55.0,50.81916666666667
40.0,39.38475
40.0,40.686449999999994
40.0,39.384083333333336
35.0,38.37416666666667
37.0,39.699059523809524
55.0,51.32037499999999
75.0,73.77033333333334
70.0,59.857
88.0,81.93003333333334
55.0,52.089416666666665
55.0,34.481
65.0,67.3785
45.0,43.817791666666665
37.0,36.73825
40.0,45.999
60.0,48.45591904761901
80.0,71.97329166666665
55.0,52.758716666666665
32.5,35.056333333333335
50.0,47.32433333333333
38.0,38.86966666666667
44.75,46.42941666666666
100.0,92.24045
32.5,36.12033333333333
37.0,33.023
110.0,84.83998333333334
85.0,85.26876666666666
120.0,106.41106428571428
55.0,65.13625
70.0,76.68555
95.0,90.76358333333334
55.0,65.22859999999999
80.0,82.32358333333333
95.0,92.24326666666667
90.0,88.55708333333332
37.0,37.31079166666667
55.0,52.49979166666667
50.0,45.78825
65.0,55.68208333333334
80.0,75.35083333333334
60.0,62.10358333333333
70.0,69.3255
22.0,64.48625000000001
60.0,61.58441666666666
37.5,37.9831875
60.0,57.71225
55.0,64.99608333333333
90.0,84.00376666666666
82.5,81.38935000000001
70.0,71.89175
75.0,74.00478333333332
85.0,81.08876666666666
45.0,42.122875
73.0,72.53133333333334
65.0,67.55425
53.5,61.97768333333333
90.0,83.9826
75.0,72.968
65.0,67.2775
42.5,44.58183333333333
50.0,53.711585317460305
45.0,42.6465
35.0,31.551729166666668
60.0,52.81216666666666
28.0,33.89887499999999
28.0,33.08441666666667
28.0,32.79916666666667
28.0,33.253875
28.0,32.82333333333333
28.0,32.17941666666667
30.0,31.57075
40.0,40.562
35.0,32.62291666666667
45.0,42.42308333333334
45.0,42.07125
60.0,51.217
56.25,44.618583333333326
50.0,46.124208333333335
50.0,49.67925
37.0,37.77241666666667
5.25,19.930875
50.0,51.94704166666667
35.0,35.531416666666665
40.0,38.69949999999999
40.0,41.772
45.0,43.61304166666667
35.0,36.36491666666667
52.5,50.0305
48.0,44.59554166666667
27.0,30.33425
60.0,56.432625
70.0,75.96675
90.0,85.48675
25.0,29.680666666666664
65.0,58.72858333333333
45.0,42.01500000000001
50.0,46.31733333333333
50.0,51.74041666666667
25.0,30.323083333333336
32.5,35.55141666666667
30.0,33.4425
65.0,60.77554166666666
90.0,86.81541666666666
65.0,64.1005
40.0,39.712125
25.0,29.933541666666667
25.0,31.496625
30.0,28.84691666666667
47.5,45.99025
45.0,46.583
45.0,45.932875
72.5,71.0855
70.0,70.19638333333333
90.0,81.76458333333333
30.0,36.76616666666667
22.0,28.564
60.0,53.09882142857148
40.0,39.90275
30.0,32.90863333333334
40.0,39.451
45.0,44.7085
41.5,41.09183333333333
4.0,15.140333333333333
80.0,68.65558333333334
30.0,36.787908333333334
65.0,56.76233333333333
30.0,34.339916666666674
35.0,37.88516666666667
37.0,37.948833333333326
55.0,49.42616666666667
36.0,39.15399999999999
34.25,34.8835
35.0,36.682208333333335
65.0,67.92558333333335
50.0,47.645458333333345
55.0,55.98225
45.0,42.95266666666667
37.0,38.03666666666667
45.0,41.338770833333335
55.0,51.77333333333333
70.0,64.29016666666666
50.0,45.74158333333334
22.0,28.633333333333336
22.0,29.159
65.0,66.29625
65.0,66.29625
65.0,66.29625
55.0,54.62170833333334
45.0,44.244708333333335
11.0,25.079333333333334
70.0,73.32291666666666
60.0,56.55554166666667
30.0,33.041
25.0,28.932583333333334
50.0,50.862583333333326
37.0,36.26766666666666
35.0,34.6225
35.0,39.751333333333335
60.0,53.97016666666667
35.0,38.51416666666667
37.0,37.69541666666667
55.0,53.766558333333336
75.0,75.72741666666667
94.0,89.26735000000001
50.0,47.127312499999995
80.0,77.52779166666666
50.0,47.55222619047618
50.0,50.26616666666667
50.0,49.91457142857143
40.0,43.45558333333333
40.0,42.1084
37.0,38.53408928571429
37.0,40.91652083333333
95.0,73.33838333333333
50.0,43.39329166666666
45.0,46.043059523809525
30.0,37.05833333333334
45.0,44.06416666666667
40.0,40.69354166666666
80.0,71.547375
50.0,47.544
50.0,46.19125
35.0,36.1465
70.0,59.487291666666664
72.5,70.35233333333335
62.5,57.4785
52.5,53.873916666666666
80.0,74.89749404761905
55.0,53.653625
55.0,53.958416666666665
60.0,61.841750000000005
60.0,58.751041666666666
95.0,89.83775
95.0,87.65186666666668
95.0,91.75914999999999
30.0,33.247
60.0,55.16675
67.5,60.439550000000004
55.0,49.98533333333333
85.0,83.25878333333333
40.0,52.391725
67.5,69.87491666666668
50.0,45.546416666666666
60.0,65.80776666666667
32.5,35.78220833333333
37.0,37.72389017857142
22.0,28.7021375
74.0,75.12721666666665
15.0,23.47475
33.5,36.081833333333336
33.5,37.33733333333333
80.0,80.69028333333333
50.0,48.57975
40.0,39.96754166666667
50.0,48.07325
30.0,31.5885
50.0,47.419716666666666
20.0,26.872
22.0,31.931833333333337
40.0,40.4825
40.0,35.73491666666666
65.0,58.78214583333334
30.0,32.92825
40.0,39.93758333333333
55.0,49.253
22.0,24.37575
22.0,28.195208333333337
55.0,40.6645
22.0,28.417166666666667
37.0,38.21134166666667
37.0,37.40425
22.0,24.304166666666667
55.0,49.52493333333333
55.0,49.348875
30.0,34.35058333333333
30.0,35.18845833333334
30.0,35.5303125
85.0,85.11308333333332
65.0,39.011875
26.5,29.845166666666668
70.0,67.84966666666668
43.75,42.183416666666666
40.0,39.35216666666667
28.0,34.08654166666667
60.0,53.01445833333333
80.0,70.03710119047618
60.0,55.29308333333333
35.0,36.775916666666674
51.0,47.06075
30.0,34.4545
50.0,37.255625
40.0,42.188375
50.0,46.265766666666664
55.0,48.522125
30.0,35.1443125
32.0,40.65345833333333
37.0,37.2925
32.5,33.8855
32.5,35.486708333333326
60.0,53.64080952380953
22.0,28.325583333333334
32.5,33.604
32.5,35.10545833333333
32.5,33.43475
32.5,33.269
37.0,37.05054166666667
22.0,40.70952083333333
50.0,46.07058333333334
70.0,62.24970833333334
33.5,36.81151666666666
33.5,35.54166666666667
70.0,60.089604166666675
55.0,52.032083333333325
57.5,55.001749999999994
57.5,55.237166666666674
35.0,37.04925
75.0,64.94083333333333
40.0,39.309916666666666
53.0,47.227041666666665
40.0,39.90575
28.0,31.38175
85.0,80.16116666666667
37.0,36.65808333333334
32.5,33.554
32.5,35.04970833333333
30.0,32.30941666666667
37.0,36.96091666666666
37.0,37.75916666666667
55.0,53.29783333333334
65.0,58.43025
40.0,40.468
40.0,38.65791666666667
22.0,27.8025
75.0,71.94220833333334
40.0,38.50041666666667
40.0,43.001125
48.0,48.6805
50.0,51.19519345238099
30.0,33.94658333333333
20.0,25.83066666666667
50.0,46.554333333333325
50.0,38.70666666666667
50.0,48.02041666666666
55.0,51.275416666666665
75.0,72.58058333333334
65.0,66.64725
70.0,71.36625
85.0,81.40791666666665
55.0,58.50566666666667
55.0,52.73141666666666
60.0,61.42158333333334
60.0,65.07783333333333
30.0,33.80283333333334
50.0,46.3045
31.0,33.84033333333334
60.0,58.03220833333334
29.5,32.128062500000006
50.0,47.06975
72.5,62.901500000000034
55.0,42.18999999999999
75.0,41.6546011904762
57.0,51.53884999999999
90.0,89.88466666666666
80.0,81.25763333333333
85.0,92.54343333333335
40.0,39.4315
37.5,37.94014166666666
60.0,52.00445
80.0,81.1155
32.5,34.65541666666667
50.0,46.020208333333336
85.0,70.91383333333333
80.0,75.29776666666667
40.0,44.31383333333333
45.0,42.72525
80.0,79.67311666666667
24.0,29.834625
62.5,60.5175
50.0,51.0295
90.0,83.56758333333335
95.0,83.14433333333335
40.0,45.39208333333334
25.0,29.468958333333333
30.0,34.408125
27.5,32.343500000000006
80.0,76.69516666666667
50.0,51.18591666666667
33.5,34.849291666666666
40.0,44.37635000000001
22.0,41.86241666666666
45.0,56.655199999999994
60.0,61.991
36.5,37.337
50.0,49.63473333333334
40.0,43.388875
40.0,43.31325
50.0,46.11950000000001
50.0,48.919375
50.0,50.75291666666667
60.0,54.70875000000001
70.0,64.47608333333332
37.0,37.12141666666667
35.0,37.42075
60.0,57.21395833333334
70.0,62.91166666666666
60.0,56.8935
30.0,35.8705
72.5,63.61870833333334
60.0,57.49649999999999
55.0,49.94016666666667
40.0,41.21825
50.0,47.912875
37.0,38.26
50.0,55.32479166666668
60.0,62.48
45.0,42.754625
27.5,28.978
30.0,32.427416666666666
22.0,28.225166666666667
85.0,83.34596666666665
50.0,46.56441666666667
25.0,29.598250000000004
52.5,51.580175000000004
45.0,42.618125
25.0,32.77036666666667
40.0,39.651083333333325
55.0,59.42800000000001
55.0,52.830666666666666
80.0,75.4435
95.0,90.12625833333334
85.0,81.5985
45.0,43.154083333333325
32.5,34.45541666666667
23.0,28.970291666666665
70.0,74.17094999999999
95.0,90.79540000000001
90.0,88.0633
95.0,87.915
33.0,34.73425
33.0,35.613375
25.0,30.57125
25.0,31.21475
25.0,41.396125
30.0,34.153666666666666
30.0,33.734166666666674
30.0,34.553375
60.0,52.87108333333333
60.0,53.62041666666667
35.0,37.170583333333326
35.0,36.932
60.0,51.46745833333332
50.0,52.379416666666664
30.0,32.72166666666667
40.0,39.460416666666674
65.0,57.70791666666666
48.0,48.724976190476184
48.0,49.0868125
50.0,50.0775
40.0,40.11375
40.0,39.21199166666667
30.0,39.60895
50.0,49.36934166666667
52.5,50.798291666666664
80.0,67.00116666666668
38.75,41.160666666666664
38.75,41.76983333333334
32.5,35.68575833333333
60.0,62.50483333333334
55.0,50.27654166666667
50.0,49.593
80.0,73.07275
45.0,42.772416666666665
30.0,35.10108333333333
70.0,71.862
37.0,37.5465
30.0,34.088458333333335
50.0,45.470375
4.0,19.160333333333337
4.0,16.97670833333333
37.0,40.61425
60.0,61.15433333333334
20.0,25.897
45.0,49.22933333333333
70.0,64.93166666666667
50.0,49.98166666666667
33.5,37.831224999999996
4.0,16.145166666666665
50.0,46.332875
4.0,16.620895833333336
50.0,48.251625
50.0,46.13025
60.0,51.42041666666666
35.0,32.502291666666665
25.0,29.469500000000004
29.5,33.805125
37.0,41.333958333333335
29.5,32.42795833333333
29.5,33.41758333333333
29.5,32.613
29.5,41.44241666666667
29.5,37.73775
50.0,41.654291666666666
27.5,29.873
32.5,35.64941666666667
40.0,41.024
30.0,33.70045833333334
80.0,80.31101666666667
22.0,41.19421666666668
37.0,36.198916666666655
65.0,58.023875
55.0,53.09283333333334
60.0,60.30820833333333
40.0,39.94441666666666
70.0,60.68899999999999
60.0,55.029300000000006
60.0,55.56583333333333
70.0,58.51512499999999
60.0,57.20291666666667
80.0,78.53841666666666
30.0,39.520875
70.0,74.50803333333333
70.0,81.56288333333335
70.0,74.53966666666668
90.0,86.73023333333332
25.0,30.43066666666667
50.0,46.75425
50.0,38.318
70.0,69.84208333333335
55.0,61.190433333333324
60.0,63.2295
80.0,75.736
85.0,72.89651666666666
80.0,77.9395
75.0,76.68910000000001
70.0,73.24071666666666
77.0,77.88716666666667
60.0,64.79275
85.0,83.83385000000001
80.0,78.85488333333335
77.0,79.78
65.0,68.27575
80.0,76.80288333333333
88.0,77.83134999999999
90.0,87.37083333333332
75.0,74.236
72.0,74.01360000000001
75.0,76.61810000000001
80.0,80.19925
80.0,80.73989999999999
60.0,65.05825
70.0,73.27541666666667
35.0,49.04658333333333
92.5,87.12918333333333
80.0,79.93485000000001
77.0,76.09791666666666
85.0,81.55928333333333
25.0,40.032875
105.0,97.45483333333333
25.0,30.178083333333333
37.0,38.69825
50.0,46.26491666666667
65.0,58.984750000000005
60.0,55.994249999999994
35.0,36.3275
40.0,39.08166666666667
60.0,53.74525
92.5,86.67225
30.0,36.2855
60.0,37.28970833333334
90.0,85.51201666666667
37.0,41.24639583333334
84.0,80.1165
37.0,37.645583333333335
50.0,46.30158333333333
32.5,35.19791666666667
25.0,32.372
23.0,31.81425
30.0,32.238708333333335
55.625,52.992666666666665
60.0,48.262059523809526
95.0,90.56641666666665
60.0,68.05596666666665
25.0,30.4115
60.0,53.0865
22.0,27.817
25.0,30.19108333333333
85.0,83.0415
91.5,90.71816666666666
75.0,75.34051666666666
95.0,88.15801666666667
25.0,29.961500000000004
90.0,86.653
95.0,91.52568333333333
95.0,88.40545
100.0,93.36781666666667
45.0,60.97675
80.0,81.49783333333333
95.0,90.17578333333333
70.0,72.70425
90.0,87.57166666666666
95.0,87.87666666666665
100.0,92.52575
95.6666666666667,92.50281666666721
90.0,85.52985000000001
65.0,70.01758333333335
100.0,93.82768333333334
95.0,80.722
80.0,80.82655
100.0,95.7964642857143
80.0,82.45425000000002
22.0,32.67625833333333
45.0,43.458916666666674
60.0,55.1375
45.0,42.71516666666666
78.0,78.42645
78.0,77.3586
78.0,75.81551666666668
90.0,86.42528333333333
90.0,81.04065
102.5,96.65605
65.0,82.05541666666667
37.0,43.533166666666666
37.0,43.533166666666666
57.5,55.186773809523814
70.0,62.914249999999996
37.5,37.52175
42.5,40.151
45.0,51.65466666666667
100.0,82.32386666666667
35.0,51.252933333333324
77.0,78.01083333333332
56.5,51.026916666666665
22.0,27.95066666666667
30.0,44.78695833333333
22.0,28.55525
35.0,37.154
62.5,56.23770833333334
37.0,37.2485
30.0,34.88833333333334
46.0,43.24966666666666
37.0,62.85419166666668
37.0,37.89825
22.0,27.31325
22.0,28.960416666666664
30.0,32.945416666666674
37.0,36.973
25.0,30.263666666666666
22.0,28.561875
50.0,38.286875
52.5,49.78883333333333
35.0,38.91375
80.0,67.03564285714286
39.0,39.40033333333333
52.5,53.24875
50.0,47.331958333333326
22.0,28.712625
35.0,38.28333333333334
50.0,45.62875
45.0,43.293166666666664
30.0,32.569625
80.0,65.55279166666665
70.0,59.54591666666667
40.0,36.86566666666667
22.0,27.9015
25.0,30.38075
21.0,27.160916666666665
30.0,35.11410416666667
65.0,55.651
22.0,28.9805
33.5,34.69275
37.0,37.82541666666666
55.0,42.99054166666667
37.0,38.433
30.0,32.36525
25.0,30.49983333333333
22.0,27.854916666666668
30.0,35.12158333333333
23.5,29.547
35.25,37.722583333333326
42.0,40.58025
37.0,39.5305
22.0,28.114166666666666
85.0,81.995
27.5,34.60483333333334
35.0,38.47875
41.6666666666667,41.2293749999999
55.0,51.30141666666666
33.5,34.39533333333333
45.0,43.24625
85.0,81.38935000000001
90.0,83.85983333333334
52.5,47.52208333333333
37.0,37.84425000000001
27.5,43.81258333333333
22.0,28.111583333333332
22.0,29.02775
40.0,41.45483333333333
70.0,67.90766666666666
30.0,33.39291666666667
37.0,38.57425
86.5,84.92331666666666
50.0,40.04495833333333
22.0,28.187458333333332
22.0,28.53675
97.5,89.57825
35.0,37.602833333333336
27.5,32.0325
22.0,31.462666666666667
22.0,37.574916666666674
90.0,86.70661666666669
37.0,37.55683333333334
36.0,38.943583333333336
37.0,38.262125
37.0,38.467333333333336
37.0,41.06983333333333
37.0,47.59716666666667
35.0,36.74533333333333
40.0,49.55958333333333
55.0,58.352666666666664
37.5,38.77474999999999
37.0,38.11491666666667
45.0,43.91983333333334
90.0,84.64425
19.0,27.640416666666667
57.5,65.31591666666667
50.0,45.16558333333334
90.0,87.52521666666668
37.0,37.94616666666666
25.0,42.64641666666667
30.0,32.82583333333333
30.0,33.90963095238095
30.0,32.63625
35.0,35.63175
37.0,38.013416666666664
20.0,25.540041666666667
70.0,60.67027380952381
37.0,37.73
22.0,29.23425
22.0,28.489
22.0,27.793
35.0,37.578916666666665
55.0,62.6546
85.0,84.54286666666667
39.5,39.385
37.0,36.947333333333326
85.0,81.50642500000002
40.0,44.51125
35.0,36.81066666666666
22.5,29.137583333333335
22.5,27.461
22.5,28.601833333333335
37.0,37.72975
27.5,32.90770833333334
55.0,52.96621666666667
65.0,59.260025
65.0,59.58841666666667
29.0,36.06121666666667
22.0,28.47325
95.0,88.27525
33.5,34.54783333333334
50.0,46.26066666666667
37.25,37.78325
47.5,44.94775
22.5,30.036583333333333
38.0,36.515520833333326
30.0,32.14158333333334
22.0,29.416666666666668
60.0,63.84486666666666
37.0,37.455375
30.0,34.3295
58.3333333333333,60.131166666667205
37.0,39.539
60.0,56.4854
91.0,86.8666
85.0,82.40797500000001
50.0,50.30029166666667
75.0,63.59091666666667
67.5,60.12935119047619
55.0,49.04291666666666
30.0,33.8495
40.0,40.0250625
22.0,27.600166666666667
85.0,78.09933333333335
65.0,58.016
45.0,43.608583333333335
99.0,78.03066666666666
30.0,33.24925
87.0,83.85076666666666
37.0,38.9675
37.0,37.03991666666667
60.0,52.804249999999996
41.6666666666667,40.62270833333327
60.0,46.01033333333333
60.0,56.380208333333336
52.5,51.19519345238099
50.0,48.3075
43.0,40.60566666666667
60.0,53.75625
75.0,74.71558333333334
37.0,39.85
25.0,36.27791666666667
65.0,64.30583333333334
70.0,72.04226666666666
70.0,68.16629166666667
40.0,41.09379166666666
22.0,25.390666666666668
30.0,34.47025
55.0,49.847125
95.0,88.3981
85.0,79.98466666666666
57.5,53.262125
72.5,71.8576
60.0,66.9905
45.0,50.633375
55.0,57.160833333333336
55.0,57.933000000000014
55.0,59.47710000000001
85.0,78.56116666666667
37.0,37.70675
95.0,90.53814999999999
75.0,76.11720000000001
22.0,28.00125
22.0,28.54075
37.0,37.65775
50.0,45.79225
50.0,46.91425
37.0,38.455
30.0,33.221
32.0,34.79525
41.6666666666667,41.378999999999905
30.0,32.797916666666666
22.0,27.203625
37.0,37.934958333333356
37.0,37.65175
34.25,35.74991666666667
37.0,37.17491666666666
20.0,26.58025
30.0,33.43991666666667
45.0,42.4775
45.0,45.418166666666664
65.0,42.11216666666667
60.0,57.276875
37.0,48.45591904761901
70.0,71.57085000000001
85.0,84.77636666666666
22.0,31.91375
22.0,37.89481845238095
50.0,44.67783333333334
42.5,40.994875
22.0,28.055333333333333
100.0,93.26516666666667
53.0,54.37905
22.0,27.392625
60.0,57.26466666666666
50.0,46.47683333333334
27.5,30.58866666666667
115.0,105.21216666666669
22.0,27.20375
30.0,32.68291666666667
35.0,35.61125
60.0,64.51708333333333
67.5,56.86577083333333
22.0,28.69216666666667
46.0,43.31775
22.5,40.51504166666667
22.0,27.954666666666665
43.0,41.33958333333334
75.0,71.642875
75.0,71.23299999999999
70.0,67.19841666666667
62.5,67.61510000000001
73.75,73.78316666666667
81.0,79.88918333333334
81.0,78.43960000000001
81.0,79.83771666666667
81.0,78.03599166666669
84.0,79.918
37.0,39.61475
62.5,57.74491666666666
97.0,93.59035
55.0,49.19716666666666
55.0,49.86420833333333
55.0,49.564625
59.0,42.08575
59.0,54.71633333333334
59.0,52.10125
55.0,63.760666666666665
80.0,79.381
55.0,65.97348095238094
48.0,45.510875
67.5,62.20045833333334
92.5,89.22585000000001
98.0,77.29983333333332
15.0,24.33133333333334
70.0,67.09883333333335
40.0,43.483583333333335
52.5,47.93625
55.0,50.145
37.0,38.479875
52.5,48.15341666666667
75.0,77.7555
40.0,39.0505
80.0,81.88003333333333
65.0,67.263
85.0,82.5993
80.0,78.80575
70.0,71.4785
66.0,69.56360000000001
65.0,65.63641666666666
80.0,79.74686666666666
56.0,64.091225
56.0,64.46456666666667
40.0,43.67766666666667
50.0,51.290666666666674
40.0,42.90271428571429
50.0,49.452291666666675
37.0,43.869375
22.0,28.50625
45.0,42.46033333333333
30.0,33.17058333333333
57.5,51.328380952380954
29.5,32.84183333333333
37.0,36.953125
25.0,29.304583333333333
22.0,39.489075
30.0,33.44716666666666
30.0,44.628416666666666
50.0,45.86441666666666
30.0,32.91825
35.0,37.60849999999999
37.25,37.72389017857142
75.0,73.3085
38.5,38.82770833333333
45.0,41.35425
25.0,30.491625
55.0,62.14725
25.0,31.38958333333333
41.6666666666667,41.343916666666566
95.0,83.953725
65.0,65.93983333333333
45.0,47.80748214285714
55.0,52.4101375
55.0,54.183625
37.0,41.161208333333335
90.0,86.0335
55.0,50.14513095238095
37.5,38.04008333333333
37.5,39.97465833333334
37.0,39.80508333333333
25.0,27.42925
25.0,27.42925
40.0,41.98683333333334
65.0,58.46525
38.5,39.58533333333334
70.0,63.906875
37.0,38.223041666666674
50.0,45.358916666666666
35.0,37.99933333333333
77.5,76.4735
50.0,49.614666666666665
21.0,27.292616666666664
60.0,61.77425
50.0,36.65025
30.0,31.540916666666668
37.0,35.076766666666664
55.0,53.711585317460305
30.0,41.39625
42.5,41.391
34.0,38.53425
42.5,42.80975
40.0,40.70341666666667
45.0,45.560333333333325
40.0,38.81725
40.0,39.20191666666667
30.0,33.03533333333333
30.0,34.82558333333333
60.0,56.356
60.0,54.52445833333333
50.0,49.265
45.0,42.98533333333334
35.0,36.238
65.0,56.216895833333325
37.0,38.45325
50.0,46.785916666666665
50.0,46.019416666666665
37.0,37.23583333333333
42.0,44.53175
40.0,48.535041666666665
40.0,39.41420833333333
40.0,40.657583333333335
75.0,76.1575
30.0,33.01361666666667
37.0,36.8815
25.0,38.482208333333325
25.0,27.998
25.0,31.40125
25.0,31.210541666666664
25.0,31.004916666666666
25.0,28.05225
60.0,39.79410416666667
65.0,65.98683333333332
25.0,31.147083333333335
25.0,30.195
50.0,45.52816666666667
60.0,39.172958333333334
60.0,52.190125
50.0,46.5055
55.0,52.55829166666666
65.0,64.74675
65.0,64.97691666666668
45.0,47.14029166666666
50.0,44.61120833333333
50.0,47.16875000000001
60.0,56.49783333333333
32.5,37.2805
45.0,46.78304166666666
25.0,35.99429166666667
57.5,52.47941666666667
50.0,47.00216666666667
30.0,34.327333333333335
37.0,37.61208333333334
32.5,34.57533333333333
32.5,34.455875
40.0,42.5315
65.0,68.882
13.0,20.468875
37.0,39.73120833333333
67.5,67.09458333333335
50.0,45.70081666666667
37.0,38.59766666666667
45.0,43.03875
30.0,33.02
50.0,50.25066666666667
40.0,41.117375
30.0,32.4945
95.0,92.0868
62.0,41.101499999999994
28.0,32.150375000000004
40.0,40.61175
30.0,33.38216666666666
40.0,40.0015
20.0,28.501541666666668
35.0,35.52208333333333
30.0,33.6345
51.0,47.13116666666667
25.0,31.427666666666667
49.0,50.53424999999999
72.5,73.14256666666665
60.0,56.25825
40.0,47.21333333333334
50.0,48.938
45.0,45.869458333333334
25.0,28.865708333333338
37.0,40.772
45.0,46.99704166666666
55.0,58.821250000000006
22.0,28.02166666666667
35.0,36.44441666666667
65.0,56.33875
65.0,54.66833333333334
37.0,37.464
37.0,37.826708333333336
50.0,45.4985
80.0,65.5531190476191
72.0,54.98087499999999
65.0,60.4435
60.0,62.901500000000034
60.0,59.42800000000001
42.5,46.109291666666664
25.0,35.75875
30.0,39.476666666666674
22.0,24.985166666666665
25.0,31.488916666666665
45.0,44.57525
7.0,31.19475
90.0,88.89516666666665
22.0,29.59725
47.5,44.892583333333334
70.0,73.85475
70.0,73.48153333333335
75.0,77.51
75.0,76.73861666666667
76.5,77.7404
75.0,77.19394999999999
100.0,92.51535000000001
97.5,80.28621666666668
70.0,73.16753333333332
37.0,37.57841666666667
45.0,42.15316666666667
45.0,38.88366666666667
45.0,43.926
37.0,38.3265
50.0,47.21475
60.0,55.50345833333333
37.5,37.719
50.0,50.40760000000001
50.0,52.621208333333335
55.0,53.897000000000006
40.0,43.90258333333333
25.0,29.649875
60.0,62.636250000000004
70.0,69.37525
70.0,69.57141666666668
70.0,69.54295833333335
37.0,38.00525
55.0,49.1075
45.0,44.771
102.0,92.54343333333335
90.0,86.77326666666666
100.0,92.67193333333333
100.0,83.48039999999999
100.0,93.12823333333336
25.0,29.96091666666667
50.0,44.71675
40.0,37.58
57.5,59.439833333333326
22.5,36.303541666666675
75.0,76.4611
75.0,73.9195
40.0,39.63066666666667
55.0,53.350458333333336
45.0,42.1305
60.0,64.00151666666666
45.0,44.210249999999995
47.5,46.814625
75.0,78.93248333333332
50.0,47.35808333333333
55.0,65.5531190476191
97.0,93.2035
60.0,52.45135416666667
37.0,39.51475
70.0,73.99429999999998
22.0,42.89911666666667
80.0,77.17233333333333
85.0,78.47054999999999
55.0,62.891033333333326
70.0,73.833
60.0,65.65025
63.75,66.17925
50.0,56.82
37.0,51.80756666666666
85.0,82.64425
85.0,80.60741666666665
70.0,73.56841666666668
60.0,64.25585
70.0,70.6985
60.0,65.78358333333333
60.0,66.3395
70.0,63.755916666666664
65.0,54.77716666666667
30.0,33.800375
45.0,45.4668125
37.0,37.79858333333333
30.0,33.07541666666667
40.0,39.690916666666666
40.0,41.936666666666675
22.0,27.5355
62.5,56.71929166666666
37.0,40.03825
60.0,55.10458333333333
50.0,47.17225
49.0,49.37562500000001
50.0,51.011458333333344
45.0,46.241375
57.5,65.70358333333336
40.0,39.24325
37.0,38.76225
45.0,42.634166666666665
39.0,39.16889583333333
45.0,41.12575
35.0,35.96916666666667
40.0,42.09925
35.0,35.82958333333334
45.0,42.4995
85.0,84.13308333333333
90.0,86.2501
70.0,72.84383333333332
45.0,54.21625
85.0,83.596
85.0,83.45826666666666
70.0,71.80975
90.0,86.81065
60.0,71.68436666666666
100.0,91.85435000000001
90.0,86.54960000000001
90.0,78.70283333333333
75.0,78.16458333333334
80.0,81.29101666666666
80.0,80.83675
90.0,86.8395
90.0,85.59975000000001
90.0,87.18126666666666
85.0,82.14160000000001
80.0,79.20170000000002
65.0,71.03578333333334
58.75,54.495875
60.0,66.92733333333332
30.0,32.19691666666667
37.0,37.56616666666667
35.0,41.22441666666666
45.0,43.92308333333333
72.5,72.74252857142856
65.0,68.51666666666667
80.0,77.79985
60.0,65.04173333333334
90.0,84.1276
70.0,71.83528333333334
65.0,68.3172
60.0,64.33745833333333
65.0,68.3877
50.0,46.34716666666667
45.0,46.53075
60.0,47.281416666666665
65.0,56.6845
55.0,52.10616666666667
43.0,41.030166666666666
80.0,78.97975
60.0,52.269666666666666
30.0,33.64566666666667
60.0,51.85258333333333
40.0,41.39666666666666
95.0,86.96518333333333
40.0,43.57575
30.0,35.73187500000001
50.0,50.354166666666664
50.0,48.039625
60.0,54.65631249999999
40.0,41.39666666666666
55.0,52.77147916666667
80.0,66.39933333333335
60.0,53.61191666666667
20.0,30.456791666666668
45.0,42.724583333333335
55.0,62.901500000000034
30.0,35.94903333333333
55.0,49.18058333333333
26.0,30.772750000000002
38.0,38.08891666666666
80.0,79.36536666666667
75.0,76.44205
37.0,37.944583333333334
25.0,31.781125
90.0,86.7699
50.0,56.68658333333334
65.0,65.40733333333334
55.0,58.29791666666667
55.0,59.13191666666666
83.0,77.14033333333334
70.0,68.34866666666667
63.0,63.187333333333335
55.0,65.83845833333335
60.0,62.353750000000005
87.0,80.38233333333334
70.0,69.40766666666667
47.5,54.697500000000005
70.0,67.48183333333334
90.0,87.42303333333332
30.0,37.97016666666667
50.0,46.37354166666666
40.0,39.40716666666667
25.0,30.868333333333336
40.0,39.023
70.0,61.211099999999995
53.5,51.938
37.0,37.21608333333334
40.0,41.19491666666667
55.0,52.44754166666667
37.5,37.91375
39.5,39.786104166666675
55.0,51.399708333333336
55.0,53.06949999999999
45.0,43.74566666666667
47.5,46.683875
40.0,49.08733333333333
60.0,53.58141666666667
35.0,36.33008333333333
30.0,32.937125
80.0,74.99958333333335
90.0,86.24508333333334
28.0,32.208
65.0,66.86593333333333
40.0,42.077000000000005
34.0,35.25575
45.0,43.12095833333333
44.0,38.38825
60.0,64.34575
99.0,74.04664166666666
80.0,78.44760000000001
75.0,75.1615
74.0,72.74252857142856
45.0,55.4306
70.0,71.26341666666669
99.0,76.13647499999999
80.0,77.7856
75.0,73.11983333333335
70.0,71.58633333333334
75.0,73.77058333333335
99.0,90.2765
70.0,70.35168333333334
37.0,36.8005
45.0,46.01529166666666
45.0,41.908125
70.0,70.74375
60.0,52.52666666666667
60.0,56.325
55.0,46.342375
80.0,81.09845000000001
30.0,34.118791666666674
70.0,71.39225
95.0,88.89625
52.5,47.345041666666674
37.0,38.1263125
22.0,28.570208333333333
37.5,39.85025
55.0,51.2615
60.0,53.92941666666667
27.5,28.978
60.0,55.86279166666667
55.0,50.87511666666667
80.0,80.34991666666667
75.0,74.1825
75.0,77.19916666666667
80.0,77.09341666666667
57.5,64.89153333333333
30.0,33.67166666666667
45.0,45.58825
50.0,48.58470833333334
60.0,57.28841666666667
30.0,33.79091666666666
45.0,46.33479166666667
22.0,28.324
70.0,71.9495
98.0,88.26310833333334
37.0,41.39275
55.0,50.09975
70.0,63.40725
35.0,41.83416666666667
23.5,28.8945
75.0,59.968333333333334
25.0,30.469166666666663
45.0,45.635466666666666
37.0,38.43733333333333
45.0,45.00891666666667
35.0,36.75325
55.0,58.42475
92.5,84.82525
85.0,79.9761
60.0,54.57299999999999
45.0,52.92825
40.0,39.73875
42.5,41.21895833333333
42.5,41.599254166666675
60.0,55.63558333333334
50.0,44.72875
37.0,38.75775
95.0,89.50785
65.0,68.315125
22.0,28.02958333333333
45.0,42.83658333333333
30.0,34.03091666666667
30.0,32.57375
30.0,33.4675
30.0,33.14908333333333
45.0,42.13283333333334
45.0,42.69625
37.0,38.53129166666667
40.0,40.34616666666667
22.0,27.94025
30.0,37.398732142857135
30.0,32.85725
50.0,53.09882142857148
37.0,38.571083333333334
37.0,38.2795
70.0,57.872416666666666
45.0,42.708625
22.0,29.199750000000005
60.0,54.78925
22.0,27.4045
37.0,37.45
37.0,37.20691666666667
22.0,35.85704166666667
32.5,35.042125
40.0,37.92391666666667
65.0,56.125625
45.0,41.76225
55.0,48.26341666666667
65.0,63.58475
80.0,76.8066
22.0,28.259750000000004
45.0,47.9305
40.0,43.934083333333334
45.0,46.36151785714286
35.0,37.19825
55.0,52.90375
68.75,49.97026190476191
37.0,38.58391666666667
75.0,74.69176666666665
75.0,74.86411666666667
22.0,30.684
45.0,50.370625000000004
37.0,37.464
28.75,41.5602
28.75,32.23983333333333
40.0,39.77575
33.0,34.67175
65.0,60.60766666666667
25.0,30.92083333333333
27.5,31.86508333333333
55.0,65.14415000000001
49.0,50.93220833333333
95.0,90.10538333333334
90.0,87.76308333333333
92.5,88.11641666666665
92.5,87.39455
92.5,80.19371666666666
92.5,85.3135
35.0,35.9096875
52.0,47.52104166666667
30.0,33.00891666666667
42.5,40.8945
45.0,44.803583333333336
22.0,29.62199166666667
30.0,32.81516666666667
45.0,46.406666666666666
33.75,36.264625
33.75,36.229666666666674
30.0,32.697
50.0,46.9755
37.0,37.339333333333336
22.0,28.105083333333337
40.0,40.09220833333334
40.0,40.11541666666666
25.0,32.36141666666667
28.0,31.259166666666665
55.0,58.15550000000002
55.0,58.00033333333333
25.0,29.100416666666664
30.0,32.267916666666665
45.0,43.593125
65.0,73.83500000000001
100.0,93.81068333333333
88.0,85.64516666666667
90.0,88.02345
100.0,96.08268333333334
75.0,77.34308333333334
80.0,81.42508333333335
60.0,69.44375000000001
60.0,66.54108333333335
60.0,66.72974166666667
80.0,79.26308333333333
75.0,85.02296666666669
80.75,82.44425
120.0,106.41615
75.0,74.46368333333332
70.0,74.88211666666668
90.0,85.60343333333333
100.0,95.7498
95.0,88.11160000000001
95.0,90.72004999999999
90.0,86.87301666666669
30.0,32.814166666666665
55.0,52.50570833333333
80.0,77.81123333333333
50.0,48.14725
60.0,55.86416666666667
43.0,43.003416666666666
75.0,78.30008333333335
95.0,91.43375
42.0,40.343625
25.0,29.0045
37.0,37.3245
28.0,33.34616666666667
45.0,43.002833333333335
70.0,71.0926
62.5,53.059333333333335
22.0,28.104666666666667
22.0,28.993791666666667
45.0,42.4725
30.0,37.40291666666666
34.5,36.90741666666667
22.0,28.168916666666668
22.0,27.353
70.0,62.630374999999994
37.0,38.36358333333333
60.0,55.30725
70.0,68.1879
23.0,29.920083333333334
22.0,28.425958333333337
67.5,70.191
100.0,92.24210000000001
75.0,76.07610000000001
90.0,85.918
85.0,81.38568333333333
78.5,79.02575
70.0,78.80374761904761
75.0,76.3753666666667
87.5,84.22771666666668
85.0,81.39966666666666
80.0,76.7556
90.0,86.51375000000002
90.0,86.5411
80.0,79.9413
80.0,80.99916666666665
55.0,62.36
113.6,99.83658333333415
85.0,76.32055000000001
70.0,74.33385000000001
50.0,60.2626
82.5,83.40241666666665
70.0,72.18199166666668
60.0,64.7276
82.5,81.52701666666668
82.5,81.21753333333332
92.5,89.37951666666667
55.0,62.36425
70.0,74.4724
90.0,85.98938333333336
100.0,79.46511666666667
85.0,80.53941666666665
50.0,44.897
45.0,45.67312499999999
37.0,37.804916666666664
37.0,38.4215
36.0,37.06329166666667
40.0,39.584916666666665
55.0,60.352000000000004
65.0,65.87083333333334
45.0,41.525375
40.0,39.50525
50.0,49.45458333333333
50.0,46.018125
90.0,87.37448333333333
22.0,31.43525
37.0,37.975
35.0,36.66633333333333
29.0,32.9235
50.0,47.386
42.0,43.89547916666666
65.0,75.28386666666668
53.0,48.94625
37.0,41.27270833333333
52.5,55.92316666666668
55.0,48.7365
55.0,46.549491666666675
90.0,86.9286
60.0,63.93285
70.0,71.39966666666668
70.0,68.1045
75.0,71.76283333333335
90.0,81.84908333333333
75.0,72.88266666666667
55.0,58.910625
60.0,62.2715
60.0,60.715666666666664
60.0,67.59791666666668
70.0,69.14433333333335
50.0,54.88579166666667
70.0,68.949
80.0,75.05525
70.0,68.8461
70.0,68.4115
57.5,52.13283333333334
37.0,37.01075
35.0,37.07504166666667
30.0,32.8345
37.0,37.109166666666674
37.0,37.00391666666667
37.0,37.125666666666675
45.0,42.25675
22.0,27.427625
22.0,27.90125
37.0,37.15566666666666
50.0,47.000625
50.0,48.529333333333334
35.0,35.9245
30.0,33.9465
30.0,33.86998333333334
30.0,33.18875
37.0,37.123416666666664
37.0,39.45575
37.0,37.269
25.0,28.298041666666666
28.0,32.1785
35.0,36.806083333333326
35.0,36.17816666666666
30.0,36.84554166666667
40.0,38.44129166666667
30.0,38.194333333333326
55.0,53.999750000000006
42.0,40.53525
55.0,58.74541666666667
55.0,58.468333333333334
37.5,39.75483333333334
44.25,44.446416666666664
30.0,35.36425
33.0,36.823625
70.0,64.98204166666666
40.0,40.57821666666667
50.0,50.00754166666667
90.0,80.39525000000002
60.0,52.651583333333335
60.0,54.105333333333334
60.0,53.81308333333334
60.0,53.27254166666666
60.0,53.133583333333334
28.5,32.19491666666667
30.0,46.830958333333335
55.0,61.08385
31.0,33.70833333333333
87.5,79.77059999999999
80.0,76.49675
34.0,35.07058333333333
50.0,45.56075
33.0,36.6845
22.0,27.73616666666667
22.0,27.174166666666665
70.0,73.72636666666666
80.0,67.95779166666665
90.0,86.88101666666667
85.0,85.04808333333332
80.0,77.85873333333332
90.0,83.84425
70.0,74.71641666666667
60.0,66.687
95.0,91.12051666666667
85.0,81.37718333333335
100.0,95.40291666666667
70.0,82.47686666666667
90.0,74.776475
85.0,83.44618333333335
90.0,86.42778333333334
80.0,80.51913333333333
80.0,78.2951
85.0,82.50185
95.0,88.68786666666666
60.0,78.5766
95.0,87.01672500000001
80.0,79.53406666666666
90.0,76.40829999999998
60.0,66.24475
45.0,57.177099999999996
80.0,80.1795
70.0,72.63066666666666
85.0,83.68253333333334
85.0,79.43845
90.0,84.9442
80.0,76.86891666666666
60.0,64.38176666666666
70.0,72.86160000000001
90.0,84.82233333333333
90.0,86.45675000000001
70.0,72.63733333333333
55.0,62.61645
65.0,69.45635
90.0,76.93389166666667
70.0,77.91736666666667
80.0,78.81908333333334
75.0,77.00710000000001
90.0,84.19288333333333
70.0,72.53793333333333
55.0,60.7755
85.0,77.7235
30.0,31.90275
45.0,46.043749999999996
37.0,41.128681547619045
70.0,73.16151666666666
87.0,85.79343333333334
87.0,86.31181666666667
70.0,74.748
95.0,90.93618333333333
105.0,97.04458333333335
105.0,97.0375
90.0,88.42535000000001
80.0,78.96516666666666
60.0,67.41189999999999
70.0,73.90008333333334
99.5,93.4623
80.0,78.3726
98.0,92.7845
95.0,86.42766666666665
95.0,91.0836
95.0,90.64701666666666
70.0,74.03795
90.0,87.20226666666666
102.5,97.76810000000002
90.0,87.28366666666666
85.0,81.98515
55.0,65.5367
85.0,80.39745
98.75,92.06263333333334
60.0,52.818875
30.0,32.58825
65.0,70.23279166666666
30.0,32.2025
72.5,63.149125
37.0,39.70675
50.0,76.75876666666666
60.0,56.20333333333333
34.0,36.58141666666666
50.0,48.12741666666667
40.0,42.129416666666664
60.0,52.89425
40.0,39.491166666666665
50.0,45.43462499999999
28.0,30.7455
60.0,57.02716666666667
50.0,48.7035
45.0,46.96279166666666
40.0,39.8655
45.0,43.49025
45.0,41.922
75.0,76.96186666666667
50.0,45.47175
50.0,49.11475
50.0,47.5695
50.0,47.40555833333333
50.0,47.804625
45.0,45.121
60.0,51.81958333333333
40.0,39.62408333333333
40.0,48.99033333333334
42.5,42.61454166666667
66.25,50.59241666666667
60.0,54.38825
50.0,47.62233333333333
55.0,49.07183333333333
35.0,40.04326388888889
40.0,49.17825
50.0,60.15958333333334
40.0,43.84288333333333
35.0,36.718083333333325
48.5,47.60033333333333
70.0,58.90675
37.5,42.44275
20.0,31.68275
60.0,54.78925
60.0,56.56466666666667
65.0,61.30297023809524
60.0,47.484333333333346
60.0,54.09108333333333
30.0,35.40258333333333
60.0,55.3356
70.0,62.15462500000001
53.0,52.45305
55.0,50.34675
65.0,58.039125
60.0,54.542833333333334
37.0,44.19225
70.0,61.779666666666664
